<?xml version='1.0' encoding='utf-8'?>
<mapping input="C:/PyCharm/pdf-docx/source/样例/00房贷样例/房贷1.xlsx" output="C:/PyCharm/pdf-docx/source/Example/车贷" template="Resource/templateFile\受托报告导入模板-新.xlsx">
			 
		<item desc="资产池整体表现情况" istable="true">
            <source anchor="收款期间资产池抵押贷款状态特征" anchorend="" cols="A,B,C,D,E" range="6" skiprows="4"> </source>
            <dest beginrow="24" cols="A,B,C,D,E" datatype="S,F,P,F,P" limited="6" />
        </item>
		<item desc="证券分层" istable="true">
            <source anchor="各档次证券本金的变动情况" anchorend="" cols="B,C,D" range="4" skiprows="0" transposition="true"> </source>
            <dest beginrow="8" cols="B,C,D,F" datatype="S,F,F,F" limited="12" />
        </item>
		<item desc="证券分层" istable="true">
            <source anchor="各档次证券本金及利息在本次支付日" anchorend="" cols="B,C,D,E" range="1" skiprows="1" transposition="true"> </source>
            <dest beginrow="8" cols="E" datatype="F" limited="12" />
        </item>		
		<item desc="资产池现金流归集表" istable="true">
            <source anchor="资产池现金流归集表" anchorend="" cols="A,B,C,D" range="" skiprows="3"> </source>
            <dest beginrow="35" cols="A,B,C,D" datatype="D,F,F,F" limited="431" />
        </item>	
		<item desc="累计违约率" istable="true">
            <source anchor="期数（收款期间)" anchorend="" cols="D" range="" skiprows="0"> </source>
            <dest beginrow="24" cols="V" datatype="P" limited="421" />
        </item>	
		<item desc="笔數与金额特征" istable="true">
            <source anchor="入池资产笔数与金额" anchorend="入池资产期限特征" cols="D" range="5" skiprows="1"> </source>
            <dest beginrow="24" cols="R" datatype="F" limited="5" />
        </item>	
		<item desc="期限特征" istable="true">
            <source anchor="入池资产期限特征" anchorend="入池资产期限特征" cols="D" range="5" skiprows="1"> </source>
            <dest beginrow="32" cols="R" datatype="F,F,F" limited="5" />
        </item>	
		 <item desc="利率特征" istable="true">
            <source anchor="利率特征" anchorend="" cols="D" range="3" skiprows="1"> </source>
            <dest beginrow="40" cols="R" datatype="P" limited="3" />
        </item>
		<item desc="资产池情况" istable="false">
			<source anchor="收入账;合计" cols="E"> </source>
			<dest cols="M33" datatype="F" />
		</item>
		<item desc="资产池情况" istable="false">
			<source anchor="本金账;合计" cols="E"> </source>
			<dest cols="M43" datatype="F" />
		</item>
		<item desc="资产池情况" istable="true">
			<source anchor="税费支出" anchorend="" cols="E" range="3" skiprows="-1" />
			<dest beginrow="45" cols="M" datatype="F" limited="3" />
		</item>
		<item desc="资产池情况 状态" istable="true">
            <source anchor="资产池现金流流入及流出情况" anchorend="" cols="D,E" range="7" skiprows="1"> </source>
            <dest beginrow="24" cols="L,M" datatype="F,F" limited="6" />
        </item>	
		<item desc="资产池情况 状态" istable="true">
            <source anchor="本金账" anchorend="" cols="D,E" range="7" skiprows="-1"> </source>
            <dest beginrow="34" cols="L,M" datatype="F,F" limited="6" />
        </item>	
		<item desc="违约处置状态" istable="true">
            <source anchor="违约贷款处置情况" anchorend="" cols="B,C,D,E" range="1" skiprows="8"> </source>
            <dest beginrow="55" cols="J,K,L,M" datatype="F,P,F,P" limited="1" />
        </item>	
		<item desc="资产池情况" istable="false">
			<source anchor="持续购买资产支出（注1)" cols="E"> </source>
			<dest cols="M48" datatype="F" />
		</item>
		<item desc="资产池情况" istable="false">
			<source anchor="转存下期本金还款" cols="B"> </source>
			<dest cols="M49" datatype="F" />
		</item>
		<item desc="资产池情况" istable="false">
			<source anchor="转存下期收入" cols="E"> </source>
			<dest cols="M50" datatype="F" />
		</item>
   </mapping>