<?xml version='1.0' encoding='utf-8'?>
<Actions>
	<Action AcitonName="内容填充" ActionCode="FillData" Id="1">
		<Variable IsParameter="False" ParameterName="" Value="template.py" VariableName="PythonFile" />
		<Variable IsParameter="False" ParameterName="XmlFile" Value="Resource/xml/消费贷3.xml" VariableName="XmlFile" />
		<Variable IsParameter="False" ParameterName="" Value="main" VariableName="MethodName" />
		<Variable IsParameter="True" ParameterName="inputFile" Value="C:/PyCharm/pdf-docx/source/样例/00消费贷样例/消费贷3.xlsx" VariableName="input" />
		<Variable IsParameter="True" ParameterName="outputFile" Value="C:/PyCharm/pdf-docx/source/Example/车贷" VariableName="output" />
		<Variable IsParameter="True" ParameterName="templateFile" Value="Resource/templateFile\受托报告导入模板-新.xlsx" VariableName="template" />
	</Action>&gt;
	<Action AcitonName="数值校验" ActionCode="ValueCheck" Id="2">
		<Variable IsParameter="False" ParameterName="" Value="FileFormatCheck.py" VariableName="PythonFile" />
		<Variable IsParameter="False" ParameterName="" Value="FileTranslator/FileFormatCheck_Trustee.xml" VariableName="XmlFile" />
		<Variable IsParameter="False" ParameterName="" Value="main" VariableName="MethodName" />
		<Variable IsParameter="True" ParameterName="sourcefolder" Value="C:/PyCharm/pdf-docx/dest/task1" VariableName="sourcefolder" />
	</Action>
</Actions>